<uwsgi>
    <socket>:18600</socket>
    <chdir>/data/sites/ym/server_ymtest/src</chdir>
    <wsgi-file>/data/sites/ym/server_ymtest/src/wsgi.py</wsgi-file>
    <!--module>wsgi</module-->
    <master>1</master>
    <processes>1</processes> <!-- 进程数 -->
    <buffer-size>32768</buffer-size>
    <daemonize>/data/sites/ym/server_ymtest/.uwsgi.log</daemonize>
    <pidfile>/data/sites/ym/server_ymtest/.uwsgi.pid</pidfile>
    <touch-reload>/data/sites/ym/server_ymtest/.reload</touch-reload>
</uwsgi>
